Date,Time,Occupied Spaces,Unoccupied Spaces,Weather
2012-09-12,06:05:16,0,100,Cloudy
2012-09-12,06:10:30,0,100,Cloudy
2012-09-12,06:15:44,0,100,Cloudy
2012-09-12,06:20:57,1,99,Cloudy
2012-09-12,06:26:11,0,100,Cloudy
2012-09-12,06:31:24,0,100,Cloudy
2012-09-12,06:36:36,0,100,Cloudy
2012-09-12,06:41:49,0,100,Cloudy
2012-09-12,06:47:02,0,100,Cloudy
2012-09-12,06:52:16,0,100,Cloudy
2012-09-12,06:57:29,2,98,Cloudy
2012-09-12,07:02:42,4,96,Cloudy
2012-09-12,07:07:55,9,91,Cloudy
2012-09-12,07:13:08,11,89,Cloudy
2012-09-12,07:18:22,12,88,Cloudy
2012-09-12,07:23:35,16,83,Cloudy
2012-09-12,07:28:48,27,72,Cloudy
2012-09-12,07:34:01,51,49,Cloudy
2012-09-12,07:39:15,70,30,Cloudy
2012-09-12,07:44:29,82,18,Cloudy
2012-09-12,07:49:42,90,10,Cloudy
2012-09-12,07:54:56,90,10,Cloudy
2012-09-12,08:00:11,91,9,Cloudy
2012-09-12,08:05:25,92,8,Cloudy
2012-09-12,08:10:40,93,7,Cloudy
2012-09-12,08:15:53,93,7,Cloudy
2012-09-12,08:21:07,93,7,Cloudy
2012-09-12,08:26:22,93,7,Cloudy
2012-09-12,08:31:36,94,6,Cloudy
2012-09-12,08:36:50,95,5,Cloudy
2012-09-12,08:42:04,95,5,Cloudy
2012-09-12,08:47:19,95,5,Cloudy
2012-09-12,08:52:34,95,5,Cloudy
2012-09-12,08:57:49,95,5,Cloudy
2012-09-12,09:03:04,95,5,Cloudy
2012-09-12,09:08:18,95,5,Cloudy
2012-09-12,09:13:32,95,5,Cloudy
2012-09-12,09:18:46,95,5,Cloudy
2012-09-12,09:24:01,95,5,Cloudy
2012-09-12,09:29:16,95,5,Cloudy
2012-09-12,09:34:30,95,5,Cloudy
2012-09-12,09:39:44,95,5,Cloudy
2012-09-12,09:44:59,94,6,Cloudy
2012-09-12,09:50:14,93,7,Cloudy
2012-09-12,09:55:29,95,5,Cloudy
2012-09-12,10:00:43,95,5,Cloudy
2012-09-12,10:05:57,95,5,Cloudy
2012-09-12,10:11:12,95,5,Cloudy
2012-09-12,10:16:27,95,5,Cloudy
2012-09-12,10:21:41,93,7,Cloudy
2012-09-12,10:26:57,91,9,Cloudy
2012-10-16,05:41:42,1,99,Cloudy
2012-10-16,05:46:42,1,99,Cloudy
2012-10-16,05:51:42,1,99,Cloudy
2012-10-16,05:56:42,1,97,Cloudy
2012-10-16,06:01:42,2,98,Cloudy
2012-10-16,06:06:43,2,98,Cloudy
2012-10-16,06:11:43,2,98,Cloudy
2012-10-16,06:16:43,2,98,Cloudy
2012-10-16,06:21:43,2,98,Cloudy
2012-10-16,06:26:44,2,98,Cloudy
2012-10-16,06:31:44,2,98,Cloudy
2012-10-16,06:36:44,2,98,Cloudy
2012-10-16,06:41:44,3,97,Cloudy
2012-10-16,06:46:44,3,97,Cloudy
2012-10-16,06:51:45,4,96,Cloudy
2012-10-16,06:56:45,5,95,Cloudy
2012-10-16,07:01:45,7,93,Cloudy
2012-10-16,07:06:45,8,92,Cloudy
2012-10-16,07:11:45,9,91,Cloudy
2012-10-16,07:16:45,12,86,Cloudy
2012-10-16,07:21:46,14,86,Cloudy
2012-10-16,07:26:46,21,79,Cloudy
2012-10-16,07:31:46,29,71,Cloudy
2012-10-16,07:36:46,44,56,Cloudy
2012-10-16,07:41:47,59,41,Cloudy
2012-10-16,07:46:47,70,30,Cloudy
2012-10-16,08:33:27,94,6,Cloudy
2012-10-16,08:38:27,95,5,Cloudy
2012-10-16,08:43:27,95,5,Cloudy
2012-10-16,08:48:27,94,6,Cloudy
2012-10-16,08:53:27,95,5,Cloudy
2012-10-16,08:58:28,95,5,Cloudy
2012-10-16,09:03:28,96,4,Cloudy
2012-10-16,09:08:28,96,4,Cloudy
2012-10-16,09:13:29,96,4,Cloudy
2012-10-16,09:18:29,95,5,Cloudy
2012-10-16,09:23:29,93,7,Cloudy
2012-10-16,09:28:29,96,4,Cloudy
2012-10-16,09:33:29,96,4,Cloudy
2012-10-16,09:38:30,95,5,Cloudy
2012-10-16,09:43:30,96,4,Cloudy
2012-10-16,09:48:30,94,6,Cloudy
2012-10-16,09:53:31,95,5,Cloudy
2012-10-16,09:58:31,93,7,Cloudy
2012-10-16,10:03:31,93,7,Cloudy
2012-10-16,10:08:31,93,7,Cloudy
2012-10-16,10:13:32,92,8,Cloudy
2012-10-16,10:18:32,92,8,Cloudy
2012-10-16,10:23:32,92,8,Cloudy
2012-10-16,10:28:33,93,7,Cloudy
2012-10-16,10:33:33,93,7,Cloudy
2012-10-16,10:38:33,93,7,Cloudy
2012-10-16,10:43:33,93,7,Cloudy
2012-10-16,10:48:34,91,9,Cloudy
2012-10-16,10:53:34,88,12,Cloudy
2012-10-16,10:58:34,87,13,Cloudy
2012-10-16,11:03:34,85,15,Cloudy
2012-10-16,11:08:34,84,16,Cloudy
2012-10-16,11:13:35,82,18,Cloudy
2012-10-16,11:18:35,79,21,Cloudy
2012-10-16,11:23:35,79,21,Cloudy
2012-10-16,11:28:36,79,21,Cloudy
2012-10-16,11:33:36,77,23,Cloudy
2012-10-16,11:38:36,73,27,Cloudy
2012-10-16,11:43:37,71,29,Cloudy
2012-10-16,11:48:37,70,30,Cloudy
2012-10-16,11:53:37,68,32,Cloudy
2012-10-16,11:58:37,69,31,Cloudy
2012-10-16,12:03:37,66,34,Cloudy
2012-10-16,12:08:38,63,37,Cloudy
2012-10-16,12:13:38,59,41,Cloudy
2012-10-16,12:18:38,55,45,Cloudy
2012-10-16,12:23:38,54,46,Cloudy
2012-10-16,12:28:39,52,48,Cloudy
2012-10-16,12:33:39,50,50,Cloudy
2012-10-16,12:38:39,48,52,Cloudy
2012-10-16,12:43:39,48,52,Cloudy
2012-10-16,12:48:39,47,53,Cloudy
2012-10-16,12:53:40,46,54,Cloudy
2012-10-16,12:58:40,45,55,Cloudy
2012-10-16,13:03:40,42,58,Cloudy
2012-10-16,13:08:40,43,57,Cloudy
2012-10-16,13:13:41,46,54,Cloudy
2012-10-16,13:18:41,48,52,Cloudy
2012-10-16,13:23:41,51,49,Cloudy
2012-10-16,13:28:41,49,51,Cloudy
2012-10-16,13:33:42,57,43,Cloudy
2012-10-16,13:38:42,59,41,Cloudy
2012-10-16,13:43:42,61,39,Cloudy
2012-10-16,13:48:43,62,38,Cloudy
2012-10-16,13:53:43,66,34,Cloudy
2012-10-16,13:58:43,68,32,Cloudy
2012-10-16,14:03:43,68,32,Cloudy
2012-10-16,14:08:43,70,30,Cloudy
2012-10-16,14:13:44,70,30,Cloudy
2012-10-16,14:18:44,71,29,Cloudy
2012-10-16,14:23:44,70,30,Cloudy
2012-10-16,14:28:45,74,26,Cloudy
2012-10-16,14:33:45,74,26,Cloudy
2012-10-16,14:38:45,73,27,Cloudy
2012-10-16,14:43:45,73,27,Cloudy
2012-10-16,14:48:46,74,26,Cloudy
2012-10-16,14:53:46,75,25,Cloudy
2012-10-16,14:58:46,75,25,Cloudy
2012-10-16,15:03:46,74,26,Cloudy
2012-10-16,15:08:47,73,27,Cloudy
2012-10-16,15:13:47,74,26,Cloudy
2012-10-16,15:18:47,74,26,Cloudy
2012-10-16,15:23:47,74,26,Cloudy
2012-10-16,15:28:47,74,26,Cloudy
2012-10-16,15:33:48,74,26,Cloudy
2012-10-16,15:38:48,73,27,Cloudy
2012-10-16,15:43:48,73,27,Cloudy
2012-10-16,15:48:49,75,25,Cloudy
2012-10-16,15:53:49,75,25,Cloudy
2012-10-16,15:58:49,74,26,Cloudy
2012-10-16,16:03:49,75,25,Cloudy
2012-10-16,16:08:49,75,25,Cloudy
2012-10-16,16:13:50,75,25,Cloudy
2012-10-16,16:18:50,75,25,Cloudy
2012-10-16,16:23:50,76,24,Cloudy
2012-10-16,16:28:50,76,24,Cloudy
2012-10-16,16:33:51,74,26,Cloudy
2012-10-16,16:38:51,72,28,Cloudy
2012-10-16,16:43:51,72,28,Cloudy
2012-10-16,16:48:51,73,27,Cloudy
2012-10-16,16:53:52,72,28,Cloudy
2012-10-16,16:58:52,72,28,Cloudy
2012-10-16,17:03:52,73,27,Cloudy
2012-10-16,17:08:52,74,26,Cloudy
2012-10-16,17:13:53,73,27,Cloudy
2012-10-16,17:18:53,77,23,Cloudy
2012-10-16,17:23:53,76,24,Cloudy
2012-10-16,17:28:54,75,25,Cloudy
2012-10-16,17:33:54,76,24,Cloudy
2012-10-16,17:38:54,71,29,Cloudy
2012-10-16,17:43:55,68,32,Cloudy
2012-10-16,17:48:55,66,34,Cloudy
2012-10-16,17:53:55,60,40,Cloudy
2012-10-16,17:58:55,58,42,Cloudy
2012-10-16,18:03:56,57,43,Cloudy
2012-10-16,18:08:56,60,40,Cloudy
2012-10-16,18:13:56,60,40,Cloudy
2012-10-16,18:18:56,63,37,Cloudy
2012-10-16,18:23:56,68,32,Cloudy
2012-09-28,07:16:00,13,86,Cloudy
2012-09-28,07:21:00,15,85,Cloudy
2012-09-28,07:26:01,18,82,Cloudy
2012-09-28,07:31:01,25,75,Cloudy
2012-09-28,07:36:01,32,68,Cloudy
2012-09-28,07:41:01,42,58,Cloudy
2012-09-28,07:46:02,47,53,Cloudy
2012-09-28,07:51:02,55,44,Cloudy
2012-09-28,07:56:02,59,41,Cloudy
2012-09-28,08:01:02,67,33,Cloudy
2012-09-28,08:06:02,73,27,Cloudy
2012-09-28,08:11:03,77,23,Cloudy
2012-09-28,08:16:03,81,19,Cloudy
2012-09-28,08:21:03,85,15,Cloudy
2012-09-28,08:26:04,87,13,Cloudy
2012-09-28,08:31:04,90,10,Cloudy
2012-09-28,08:36:04,92,8,Cloudy
2012-09-28,08:41:04,91,9,Cloudy
2012-09-28,08:46:04,91,9,Cloudy
2012-09-28,08:51:05,92,8,Cloudy
2012-09-28,08:56:05,93,7,Cloudy
2012-09-28,09:01:05,92,8,Cloudy
2012-09-28,09:06:05,93,7,Cloudy
2012-09-28,09:11:06,93,7,Cloudy
2012-09-28,09:16:06,94,6,Cloudy
2012-09-28,09:21:06,95,5,Cloudy
2012-09-28,09:26:06,97,3,Cloudy
2012-09-28,09:31:07,97,3,Cloudy
2012-09-28,09:36:07,97,3,Cloudy
2012-09-28,09:41:07,97,3,Cloudy
2012-09-28,09:46:07,97,3,Cloudy
2012-09-28,09:51:08,97,3,Cloudy
2012-09-28,09:56:08,97,3,Cloudy
2012-09-28,10:01:08,96,4,Cloudy
2012-09-28,10:06:08,95,5,Cloudy
2012-09-28,10:11:09,95,5,Cloudy
2012-09-28,10:16:09,94,6,Cloudy
2012-09-28,10:21:09,96,4,Cloudy
2012-09-28,10:26:09,95,5,Cloudy
2012-09-28,10:31:09,93,7,Cloudy
2012-09-28,10:36:10,93,7,Cloudy
2012-09-28,10:41:10,92,8,Cloudy
2012-09-28,10:46:10,89,11,Cloudy
2012-09-28,10:51:10,89,11,Cloudy
2012-09-28,10:56:11,89,11,Cloudy
2012-09-28,11:01:11,88,12,Cloudy
2012-09-28,11:06:11,88,12,Cloudy
2012-09-28,11:11:12,84,16,Cloudy
2012-09-28,11:16:12,82,18,Cloudy
2012-09-28,11:21:12,80,20,Cloudy
2012-09-28,11:26:12,77,23,Cloudy
2012-09-28,11:31:12,76,24,Cloudy
2012-09-28,11:36:12,75,25,Cloudy
2012-09-28,11:41:13,73,27,Cloudy
2012-09-28,11:46:13,70,30,Cloudy
2012-09-28,11:51:13,66,34,Cloudy
2012-09-28,11:56:13,62,38,Cloudy
2012-09-28,12:01:14,60,40,Cloudy
2012-09-28,12:06:14,55,45,Cloudy
2012-09-28,12:11:14,51,49,Cloudy
2012-09-28,12:16:14,51,49,Cloudy
2012-09-28,12:21:15,52,48,Cloudy
2012-09-28,12:26:15,50,50,Cloudy
2012-09-28,12:31:15,49,51,Cloudy
2012-09-28,12:36:15,47,53,Cloudy
2012-09-28,12:41:16,42,58,Cloudy
2012-09-28,12:46:16,42,58,Cloudy
2012-09-28,12:51:16,43,57,Cloudy
2012-09-28,12:56:16,45,55,Cloudy
2012-09-28,13:01:16,41,59,Cloudy
2012-09-28,13:06:17,41,59,Cloudy
2012-09-28,13:11:17,46,54,Cloudy
2012-09-28,13:16:17,46,54,Cloudy
2012-09-28,13:21:17,48,52,Cloudy
2012-09-28,13:26:18,48,52,Cloudy
2012-09-28,13:31:18,52,48,Cloudy
2012-09-28,13:36:18,53,46,Cloudy
2012-09-28,13:41:18,56,44,Cloudy
2012-09-28,13:46:18,58,42,Cloudy
2012-09-28,13:51:18,60,40,Cloudy
2012-09-28,13:56:19,65,35,Cloudy
2012-09-28,14:01:19,65,35,Cloudy
2012-09-28,14:06:19,64,36,Cloudy
2012-09-28,14:11:19,66,34,Cloudy
2012-09-28,14:16:20,68,32,Cloudy
2012-09-28,14:21:20,71,29,Cloudy
2012-09-28,14:26:20,74,26,Cloudy
2012-09-28,14:31:20,74,26,Cloudy
2012-09-28,14:36:21,74,26,Cloudy
2012-09-28,14:41:21,75,25,Cloudy
2012-09-28,14:46:21,74,26,Cloudy
2012-09-28,14:51:21,74,26,Cloudy
2012-09-28,14:56:21,74,26,Cloudy
2012-09-28,15:01:22,74,26,Cloudy
2012-09-28,15:06:22,75,25,Cloudy
2012-09-28,15:11:22,75,25,Cloudy
2012-09-28,15:16:22,75,25,Cloudy
2012-09-28,15:21:23,73,27,Cloudy
2012-09-28,15:26:23,71,29,Cloudy
2012-09-28,15:31:23,72,28,Cloudy
2012-09-28,15:36:23,74,26,Cloudy
2012-09-28,15:41:24,74,26,Cloudy
2012-09-28,15:46:24,74,26,Cloudy
2012-09-28,15:51:24,71,29,Cloudy
2012-09-28,15:56:24,71,29,Cloudy
2012-09-28,16:01:25,70,30,Cloudy
2012-09-28,16:06:25,69,31,Cloudy
2012-09-28,16:11:25,70,30,Cloudy
2012-09-28,16:16:25,70,30,Cloudy
2012-09-28,16:21:26,72,28,Cloudy
2012-09-28,16:26:26,71,29,Cloudy
2012-09-28,16:31:26,70,30,Cloudy
2012-09-28,16:36:26,72,28,Cloudy
2012-09-28,16:41:26,70,30,Cloudy
2012-09-28,16:46:27,69,31,Cloudy
2012-09-28,16:51:27,71,29,Cloudy
2012-09-28,16:56:27,73,27,Cloudy
2012-09-28,17:01:27,72,28,Cloudy
2012-09-28,17:06:28,67,33,Cloudy
2012-09-28,17:11:28,67,33,Cloudy
2012-09-28,17:16:28,66,34,Cloudy
2012-09-28,17:21:28,64,36,Cloudy
2012-09-28,17:26:29,63,37,Cloudy
2012-09-28,17:31:29,61,39,Cloudy
2012-09-28,17:36:29,59,41,Cloudy
2012-09-28,17:41:29,56,44,Cloudy
2012-09-28,17:46:29,52,48,Cloudy
2012-09-28,17:51:30,50,50,Cloudy
2012-09-28,17:56:30,48,52,Cloudy
2012-09-28,18:01:30,48,52,Cloudy
2012-09-28,18:06:30,49,51,Cloudy
2012-09-28,18:11:31,48,52,Cloudy
2012-10-05,08:17:49,90,10,Cloudy
2012-10-05,08:22:49,90,10,Cloudy
2012-10-05,08:27:49,89,11,Cloudy
2012-10-05,08:32:49,90,10,Cloudy
2012-10-05,08:37:50,90,10,Cloudy
2012-10-05,08:42:50,90,10,Cloudy
2012-10-05,08:47:50,90,10,Cloudy
2012-10-05,08:52:50,90,10,Cloudy
2012-10-05,08:57:51,90,10,Cloudy
2012-10-05,09:02:51,89,11,Cloudy
2012-10-12,05:32:28,0,100,Cloudy
2012-10-12,05:37:28,0,100,Cloudy
2012-10-12,05:42:29,0,100,Cloudy
2012-10-12,05:47:29,0,100,Cloudy
2012-10-12,05:52:29,0,100,Cloudy
2012-10-12,05:57:29,0,100,Cloudy
2012-10-12,06:02:29,0,100,Cloudy
2012-10-12,06:07:30,0,100,Cloudy
2012-10-12,06:12:30,0,100,Cloudy
2012-10-12,06:17:30,0,100,Cloudy
2012-10-12,06:22:30,0,100,Cloudy
2012-10-12,06:27:31,0,100,Cloudy
2012-10-12,06:32:31,0,100,Cloudy
2012-10-12,06:37:31,0,100,Cloudy
2012-10-12,06:42:31,0,100,Cloudy
2012-10-12,06:47:31,0,100,Cloudy
2012-10-12,06:52:32,0,100,Cloudy
2012-10-12,06:57:32,0,100,Cloudy
2012-10-12,07:02:32,0,100,Cloudy
2012-10-12,07:07:32,0,100,Cloudy
2012-10-12,07:12:33,0,100,Cloudy
2012-10-12,07:17:33,0,100,Cloudy
2012-10-12,07:22:33,0,100,Cloudy
2012-10-12,07:27:33,0,100,Cloudy
2012-10-12,07:32:33,0,100,Cloudy
2012-10-12,07:37:34,0,100,Cloudy
2012-10-12,07:42:34,0,100,Cloudy
2012-10-12,07:47:34,0,100,Cloudy
2012-10-12,07:52:34,0,100,Cloudy
2012-10-12,07:57:34,0,100,Cloudy
2012-10-12,08:02:35,0,100,Cloudy
2012-10-12,08:07:35,0,100,Cloudy
2012-10-12,08:12:35,0,100,Cloudy
2012-10-12,08:17:35,0,100,Cloudy
2012-10-12,08:22:35,0,100,Cloudy
2012-10-12,08:27:36,0,100,Cloudy
2012-10-12,08:32:36,0,100,Cloudy
2012-10-12,08:37:36,0,100,Cloudy
2012-10-12,08:42:36,0,100,Cloudy
2012-10-12,08:47:36,0,100,Cloudy
2012-10-12,08:52:37,0,100,Cloudy
2012-10-12,08:57:37,0,100,Cloudy
2012-10-12,09:02:37,0,100,Cloudy
2012-10-12,09:07:37,0,100,Cloudy
2012-10-12,09:12:38,0,100,Cloudy
2012-10-12,09:17:38,0,100,Cloudy
2012-10-12,09:22:38,0,100,Cloudy
2012-10-12,09:27:38,0,100,Cloudy
2012-10-12,09:32:39,0,100,Cloudy
2012-10-12,09:37:39,0,100,Cloudy
2012-10-12,09:42:39,0,100,Cloudy
2012-10-12,09:47:39,0,100,Cloudy
2012-10-12,09:52:40,0,100,Cloudy
2012-10-12,09:57:40,0,100,Cloudy
2012-10-12,10:02:40,0,100,Cloudy
2012-10-12,10:07:40,0,100,Cloudy
2012-10-12,10:12:41,0,100,Cloudy
2012-10-12,10:17:41,0,100,Cloudy
2012-10-12,10:22:41,0,100,Cloudy
2012-10-12,10:27:41,0,100,Cloudy
2012-10-12,10:32:41,0,100,Cloudy
2012-10-12,10:37:42,0,100,Cloudy
2012-10-12,10:42:42,0,100,Cloudy
2012-10-12,10:47:42,0,100,Cloudy
2012-10-12,10:52:42,0,100,Cloudy
2012-10-12,10:57:42,0,100,Cloudy
2012-10-12,11:02:43,0,100,Cloudy
2012-10-12,11:07:43,0,100,Cloudy
2012-10-12,11:12:43,0,100,Cloudy
2012-10-12,11:17:43,0,100,Cloudy
2012-10-12,11:22:44,0,100,Cloudy
2012-10-12,11:27:44,0,100,Cloudy
2012-10-12,11:32:44,0,100,Cloudy
2012-10-12,11:37:44,0,100,Cloudy
2012-10-12,11:42:44,0,100,Cloudy
2012-10-12,11:47:45,0,100,Cloudy
2012-10-12,11:52:45,0,100,Cloudy
2012-10-12,11:57:45,0,100,Cloudy
2012-10-12,12:02:45,0,100,Cloudy
2012-10-12,12:07:45,0,100,Cloudy
2012-10-12,12:12:46,0,100,Cloudy
2012-10-12,12:17:46,0,100,Cloudy
2012-10-12,12:22:46,0,100,Cloudy
2012-10-12,12:27:46,0,100,Cloudy
2012-10-12,12:32:46,0,100,Cloudy
2012-10-12,12:37:46,0,100,Cloudy
2012-10-12,12:42:47,0,100,Cloudy
2012-10-12,12:47:47,0,100,Cloudy
2012-10-12,12:52:47,0,100,Cloudy
2012-10-12,12:57:48,0,100,Cloudy
2012-10-12,13:02:48,0,100,Cloudy
2012-10-12,13:07:48,0,100,Cloudy
2012-10-12,13:12:48,0,100,Cloudy
2012-10-12,13:17:48,0,100,Cloudy
2012-10-12,13:22:49,0,100,Cloudy
2012-10-12,13:27:49,0,100,Cloudy
2012-10-12,13:32:49,0,100,Cloudy
2012-10-12,13:37:49,0,100,Cloudy
2012-10-12,13:42:49,0,100,Cloudy
2012-10-12,13:47:50,0,100,Cloudy
2012-10-12,13:52:50,0,100,Cloudy
2012-10-12,13:57:50,0,100,Cloudy
2012-10-12,14:02:50,0,100,Cloudy
2012-10-12,14:07:51,0,100,Cloudy
2012-10-12,14:12:51,0,100,Cloudy
2012-10-12,14:17:51,0,100,Cloudy
2012-10-12,14:22:51,0,100,Cloudy
2012-10-12,14:27:52,0,100,Cloudy
2012-10-12,14:32:52,1,99,Cloudy
2012-10-12,14:37:52,0,100,Cloudy
2012-10-12,14:42:52,0,100,Cloudy
2012-10-12,14:47:52,0,100,Cloudy
2012-10-12,14:52:53,0,100,Cloudy
2012-10-12,14:57:53,0,100,Cloudy
2012-10-12,15:02:53,0,100,Cloudy
2012-10-12,15:07:54,0,100,Cloudy
2012-10-12,15:12:54,0,100,Cloudy
2012-10-12,15:17:54,0,100,Cloudy
2012-10-12,15:22:54,0,100,Cloudy
2012-10-12,15:27:54,0,100,Cloudy
2012-10-12,15:32:54,0,100,Cloudy
2012-10-12,15:37:55,0,100,Cloudy
2012-10-12,15:42:55,0,100,Cloudy
2012-10-12,15:47:55,0,100,Cloudy
2012-10-12,15:52:55,1,99,Cloudy
2012-10-12,15:57:55,0,100,Cloudy
2012-10-12,16:02:55,0,100,Cloudy
2012-10-12,16:07:56,0,100,Cloudy
2012-10-12,16:12:56,0,100,Cloudy
2012-10-12,16:17:56,0,100,Cloudy
2012-10-12,16:22:56,0,100,Cloudy
2012-10-12,16:27:56,0,100,Cloudy
2012-10-12,16:32:57,0,100,Cloudy
2012-10-12,16:37:57,0,100,Cloudy
2012-10-12,16:42:57,0,100,Cloudy
2012-10-12,16:47:57,0,100,Cloudy
2012-10-12,16:52:57,0,100,Cloudy
2012-10-12,16:57:58,0,100,Cloudy
2012-10-12,17:02:58,0,100,Cloudy
2012-10-12,17:07:58,0,100,Cloudy
2012-10-12,17:12:58,0,100,Cloudy
2012-10-12,17:17:59,0,100,Cloudy
2012-10-12,17:22:59,0,100,Cloudy
2012-10-12,17:27:59,0,100,Cloudy
2012-10-12,17:32:59,0,100,Cloudy
2012-10-12,17:37:59,0,100,Cloudy
2012-10-12,17:43:00,0,100,Cloudy
2012-10-12,17:48:00,0,100,Cloudy
2012-10-12,17:53:00,0,100,Cloudy
2012-10-12,17:58:00,0,100,Cloudy
2012-10-12,18:03:01,0,100,Cloudy
2012-10-12,18:08:01,0,100,Cloudy
2012-10-12,18:13:01,0,100,Cloudy
2012-10-12,18:18:01,0,100,Cloudy
2012-10-13,05:33:32,0,100,Cloudy
2012-10-13,05:38:33,0,100,Cloudy
2012-10-13,05:43:33,0,100,Cloudy
2012-10-13,05:48:33,0,100,Cloudy
2012-10-13,05:53:33,0,100,Cloudy
2012-10-13,05:58:33,0,100,Cloudy
2012-10-13,06:03:34,0,100,Cloudy
2012-10-13,06:08:34,0,100,Cloudy
2012-10-13,06:13:34,0,100,Cloudy
2012-10-13,06:18:34,0,100,Cloudy
2012-10-13,06:23:34,0,100,Cloudy
2012-10-13,06:28:35,0,100,Cloudy
2012-10-13,06:33:35,0,100,Cloudy
2012-10-13,06:38:35,1,99,Cloudy
2012-10-13,06:43:35,1,99,Cloudy
2012-10-13,06:48:36,0,100,Cloudy
2012-10-13,06:53:36,0,100,Cloudy
2012-10-13,06:58:36,0,100,Cloudy
2012-10-13,07:03:36,0,100,Cloudy
2012-10-13,07:08:37,0,100,Cloudy
2012-10-13,07:13:37,0,100,Cloudy
2012-10-13,07:18:37,0,100,Cloudy
2012-10-13,07:23:37,0,100,Cloudy
2012-10-13,07:28:37,0,100,Cloudy
2012-10-13,07:33:38,0,100,Cloudy
2012-10-13,07:38:38,0,100,Cloudy
2012-10-13,07:43:38,0,100,Cloudy
2012-10-13,07:48:38,0,100,Cloudy
2012-10-13,07:53:38,0,100,Cloudy
2012-10-13,07:58:39,0,100,Cloudy
2012-10-13,08:03:39,0,100,Cloudy
2012-10-13,08:08:39,0,100,Cloudy
2012-10-13,08:13:39,0,100,Cloudy
2012-10-13,08:18:39,0,100,Cloudy
2012-10-13,08:23:40,0,100,Cloudy
2012-10-13,08:28:40,0,100,Cloudy
2012-10-13,08:33:40,0,100,Cloudy
2012-10-13,08:38:40,0,100,Cloudy
2012-10-13,08:43:40,0,100,Cloudy
2012-10-13,08:48:41,0,100,Cloudy
2012-10-13,08:53:41,0,100,Cloudy
2012-10-13,08:58:41,0,100,Cloudy
2012-10-13,09:03:41,0,100,Cloudy
2012-10-13,09:08:41,0,100,Cloudy
2012-10-13,09:13:42,0,100,Cloudy
2012-10-13,09:18:42,0,100,Cloudy
2012-10-13,09:23:42,0,100,Cloudy
2012-10-13,09:28:42,0,100,Cloudy
2012-10-13,09:33:42,0,100,Cloudy
2012-10-13,09:38:43,0,100,Cloudy
2012-10-13,09:43:43,0,100,Cloudy
2012-10-13,09:48:43,0,100,Cloudy
2012-10-13,09:53:43,3,95,Cloudy
2012-10-13,09:58:43,7,93,Cloudy
2012-10-13,10:03:44,15,85,Cloudy
2012-10-13,10:08:44,16,84,Cloudy
2012-10-13,10:13:44,18,82,Cloudy
2012-10-13,10:18:44,18,82,Cloudy
2012-10-13,10:23:44,18,82,Cloudy
2012-10-13,10:28:45,18,82,Cloudy
2012-10-13,10:33:45,18,82,Cloudy
2012-10-13,10:38:45,18,82,Cloudy
2012-10-13,10:43:45,18,82,Cloudy
2012-10-13,10:48:45,18,82,Cloudy
2012-10-13,10:53:46,18,82,Cloudy
2012-10-13,10:58:46,18,82,Cloudy
2012-10-13,11:03:46,18,82,Cloudy
2012-10-13,11:08:46,18,82,Cloudy
2012-10-13,11:13:46,18,82,Cloudy
2012-10-13,11:18:47,18,82,Cloudy
2012-10-13,11:23:47,18,82,Cloudy
2012-10-13,11:28:47,18,82,Cloudy
2012-10-13,11:33:47,16,84,Cloudy
2012-10-13,11:38:47,11,89,Cloudy
2012-10-13,11:43:48,6,94,Cloudy
2012-10-13,11:48:48,4,96,Cloudy
2012-10-13,11:53:48,4,96,Cloudy
2012-10-13,11:58:48,1,99,Cloudy
2012-10-13,12:03:49,1,99,Cloudy
2012-10-13,12:08:49,1,99,Cloudy
2012-10-13,12:13:49,1,99,Cloudy
2012-10-13,12:18:49,1,99,Cloudy
2012-10-13,12:23:49,1,99,Cloudy
2012-10-13,12:28:49,1,99,Cloudy
2012-10-13,12:33:50,1,99,Cloudy
2012-10-13,12:38:50,1,99,Cloudy
2012-10-13,12:43:50,1,99,Cloudy
2012-10-13,12:48:50,0,100,Cloudy
2012-10-13,12:53:50,0,100,Cloudy
2012-10-13,12:58:51,0,100,Cloudy
2012-10-13,13:03:51,1,99,Cloudy
2012-10-13,13:08:51,1,99,Cloudy
2012-10-13,13:13:51,1,99,Cloudy
2012-10-13,13:18:51,1,99,Cloudy
2012-10-13,13:23:52,1,99,Cloudy
2012-10-13,13:28:52,1,99,Cloudy
2012-10-13,13:33:52,1,99,Cloudy
2012-10-13,13:38:52,1,99,Cloudy
2012-10-13,13:43:52,1,99,Cloudy
2012-10-13,13:48:53,1,99,Cloudy
2012-10-13,13:53:53,1,99,Cloudy
2012-10-13,13:58:53,1,99,Cloudy
2012-10-13,14:03:53,1,99,Cloudy
2012-10-13,14:08:54,1,99,Cloudy
2012-10-13,14:13:54,1,99,Cloudy
2012-10-13,14:18:54,1,99,Cloudy
2012-10-13,14:23:54,1,99,Cloudy
2012-10-13,14:28:54,2,98,Cloudy
2012-10-13,14:33:55,1,99,Cloudy
2012-10-13,14:38:55,1,99,Cloudy
2012-10-13,14:43:55,1,99,Cloudy
2012-10-13,14:48:55,1,99,Cloudy
2012-10-13,14:53:55,1,99,Cloudy
2012-10-13,14:58:56,1,99,Cloudy
2012-10-13,15:03:56,1,99,Cloudy
2012-10-13,15:08:56,1,99,Cloudy
2012-10-13,15:13:56,1,99,Cloudy
2012-10-13,15:18:57,1,99,Cloudy
2012-10-13,15:23:57,1,99,Cloudy
2012-10-13,15:28:57,1,99,Cloudy
2012-10-13,15:33:57,1,99,Cloudy
2012-10-13,15:38:58,1,99,Cloudy
2012-10-13,15:43:58,1,99,Cloudy
2012-10-13,15:48:58,1,99,Cloudy
2012-10-13,15:53:58,1,99,Cloudy
2012-10-13,15:58:58,1,99,Cloudy
2012-10-13,16:03:59,1,99,Cloudy
2012-10-13,16:08:59,1,99,Cloudy
2012-10-13,16:13:59,1,99,Cloudy
2012-10-13,16:18:59,1,99,Cloudy
2012-10-13,16:23:59,1,99,Cloudy
2012-10-13,16:29:00,1,99,Cloudy
2012-10-13,16:34:00,1,99,Cloudy
2012-10-13,16:39:00,1,99,Cloudy
2012-10-13,16:44:00,1,99,Cloudy
2012-10-13,16:49:00,1,99,Cloudy
2012-10-13,16:54:01,1,99,Cloudy
2012-10-13,16:59:01,1,99,Cloudy
2012-10-13,17:04:01,1,99,Cloudy
2012-10-13,17:09:01,1,99,Cloudy
2012-10-13,17:14:02,1,99,Cloudy
2012-10-13,17:19:02,1,99,Cloudy
2012-10-13,17:24:02,0,100,Cloudy
2012-10-13,17:29:02,0,100,Cloudy
2012-10-13,17:34:02,0,100,Cloudy
2012-10-13,17:39:02,0,100,Cloudy
2012-10-13,17:44:03,0,100,Cloudy
2012-10-13,17:49:03,0,100,Cloudy
2012-10-13,17:54:03,0,100,Cloudy
2012-10-13,17:59:03,0,100,Cloudy
2012-10-13,18:04:03,0,100,Cloudy
2012-10-13,18:09:04,0,100,Cloudy
2012-10-13,18:14:04,0,100,Cloudy
2012-10-13,18:19:04,0,100,Cloudy
2012-10-13,18:24:04,0,100,Cloudy
2012-10-14,05:54:35,0,100,Cloudy
2012-10-14,05:59:35,0,100,Cloudy
2012-10-14,06:04:36,0,100,Cloudy
2012-10-14,06:09:36,0,100,Cloudy
2012-10-14,06:14:36,0,100,Cloudy
2012-10-14,06:19:36,0,100,Cloudy
2012-10-14,06:24:36,0,100,Cloudy
2012-10-14,06:29:37,0,100,Cloudy
2012-10-14,06:34:37,0,100,Cloudy
2012-10-14,06:39:37,0,100,Cloudy
2012-10-14,06:44:37,0,100,Cloudy
2012-10-14,06:49:38,0,100,Cloudy
2012-10-14,06:54:38,0,100,Cloudy
2012-10-14,06:59:38,0,100,Cloudy
2012-10-14,07:04:38,0,100,Cloudy
2012-10-14,07:09:39,0,100,Cloudy
2012-10-14,07:14:39,0,100,Cloudy
2012-10-14,07:19:39,0,100,Cloudy
2012-10-14,07:24:39,0,100,Cloudy
2012-10-14,07:29:39,0,100,Cloudy
2012-10-14,07:34:40,0,100,Cloudy
2012-10-14,07:39:40,0,100,Cloudy
2012-10-14,07:44:40,0,100,Cloudy
2012-10-14,07:49:40,0,100,Cloudy
2012-10-14,07:54:40,0,100,Cloudy
2012-10-14,07:59:40,0,100,Cloudy
2012-10-14,08:04:41,0,100,Cloudy
2012-10-14,08:09:41,0,100,Cloudy
2012-10-14,08:14:41,0,100,Cloudy
2012-10-14,08:19:41,0,100,Cloudy
2012-10-14,08:24:42,0,100,Cloudy
2012-10-14,08:29:42,0,100,Cloudy
2012-10-14,08:34:42,0,100,Cloudy
2012-10-14,08:39:42,0,100,Cloudy
2012-10-14,08:44:42,0,100,Cloudy
2012-10-14,08:49:43,0,100,Cloudy
2012-10-14,08:54:43,0,100,Cloudy
2012-10-14,08:59:43,0,100,Cloudy
2012-10-14,09:04:43,0,100,Cloudy
2012-10-14,09:09:44,0,100,Cloudy
2012-10-14,09:14:44,0,100,Cloudy
2012-10-14,09:19:44,0,100,Cloudy
2012-10-14,09:24:44,0,100,Cloudy
2012-10-14,09:29:44,0,100,Cloudy
2012-10-14,09:34:45,0,100,Cloudy
2012-10-14,09:39:45,0,100,Cloudy
2012-10-14,09:44:45,0,100,Cloudy
2012-10-14,09:49:45,0,100,Cloudy
2012-10-14,09:54:45,0,100,Cloudy
2012-10-14,09:59:45,0,100,Cloudy
2012-10-14,10:04:46,0,100,Cloudy
2012-10-14,10:09:46,0,100,Cloudy
2012-10-14,10:14:46,0,100,Cloudy
2012-10-14,10:19:47,0,100,Cloudy
2012-10-14,10:24:47,0,100,Cloudy
2012-10-14,10:29:47,0,100,Cloudy
2012-10-14,10:34:47,0,100,Cloudy
2012-10-14,10:39:48,0,100,Cloudy
2012-10-14,10:44:48,0,100,Cloudy
2012-10-14,10:49:48,0,100,Cloudy
2012-10-14,10:54:48,0,100,Cloudy
2012-10-14,10:59:48,0,100,Cloudy
2012-10-14,11:04:49,0,100,Cloudy
2012-10-14,11:09:49,0,100,Cloudy
2012-10-14,11:14:49,0,100,Cloudy
2012-10-14,11:19:49,1,99,Cloudy
2012-10-14,11:24:50,1,99,Cloudy
2012-10-14,11:29:50,1,99,Cloudy
2012-10-14,11:34:50,1,99,Cloudy
2012-10-14,11:39:50,1,99,Cloudy
2012-10-14,11:44:50,1,99,Cloudy
2012-10-14,11:49:51,1,99,Cloudy
2012-10-14,11:54:51,1,99,Cloudy
2012-10-14,11:59:51,1,99,Cloudy
2012-10-14,12:04:51,0,100,Cloudy
2012-10-14,12:09:51,0,100,Cloudy
2012-10-14,12:14:52,0,100,Cloudy
2012-10-14,12:19:52,0,100,Cloudy
2012-10-14,12:24:52,0,100,Cloudy
2012-10-14,12:29:52,0,100,Cloudy
2012-10-14,12:34:53,0,100,Cloudy
2012-10-14,12:39:53,0,100,Cloudy
2012-10-14,12:44:53,0,100,Cloudy
2012-10-14,12:49:53,0,100,Cloudy
2012-10-14,12:54:53,0,100,Cloudy
2012-10-14,12:59:54,0,100,Cloudy
2012-10-14,13:04:54,0,100,Cloudy
2012-10-14,13:09:54,0,100,Cloudy
2012-10-14,13:14:54,0,100,Cloudy
2012-10-14,13:19:55,0,100,Cloudy
2012-10-14,13:24:55,0,100,Cloudy
2012-10-14,13:29:55,0,100,Cloudy
2012-10-14,13:34:55,0,100,Cloudy
2012-10-14,13:39:55,0,100,Cloudy
2012-10-14,13:44:56,0,100,Cloudy
2012-10-14,13:49:56,0,100,Cloudy
2012-10-14,13:54:56,0,100,Cloudy
2012-10-14,13:59:56,1,99,Cloudy
2012-10-14,14:04:57,1,99,Cloudy
2012-10-14,14:09:57,2,98,Cloudy
2012-10-14,14:14:57,2,98,Cloudy
2012-10-14,14:19:57,2,98,Cloudy
2012-10-14,14:24:57,2,98,Cloudy
2012-10-14,14:29:58,3,97,Cloudy
2012-10-14,14:34:58,3,97,Cloudy
2012-10-14,14:39:58,3,97,Cloudy
2012-10-14,14:44:58,3,97,Cloudy
2012-10-14,14:49:58,3,97,Cloudy
2012-10-14,14:54:59,3,97,Cloudy
2012-10-14,14:59:59,3,97,Cloudy
2012-10-14,15:04:59,3,97,Cloudy
2012-10-14,15:09:59,2,98,Cloudy
2012-10-14,15:15:00,2,98,Cloudy
2012-10-14,15:20:00,2,98,Cloudy
2012-10-14,15:25:00,2,98,Cloudy
2012-10-14,15:30:00,2,98,Cloudy
2012-10-14,15:35:00,2,98,Cloudy
2012-10-14,15:40:00,2,98,Cloudy
2012-10-14,15:45:01,2,98,Cloudy
2012-10-14,15:50:01,2,98,Cloudy
2012-10-14,15:55:01,2,98,Cloudy
2012-10-14,16:00:01,2,98,Cloudy
2012-10-14,16:05:02,2,98,Cloudy
2012-10-14,16:10:02,2,98,Cloudy
2012-10-14,16:15:02,2,98,Cloudy
2012-10-14,16:20:02,2,98,Cloudy
2012-10-14,16:25:03,2,98,Cloudy
2012-10-14,16:30:03,3,97,Cloudy
2012-10-14,16:35:03,3,97,Cloudy
2012-10-14,16:40:03,3,97,Cloudy
2012-10-14,16:45:04,3,97,Cloudy
2012-10-14,16:50:04,3,97,Cloudy
2012-10-14,16:55:04,3,97,Cloudy
2012-10-14,17:00:04,3,97,Cloudy
2012-10-14,17:05:04,3,97,Cloudy
2012-10-14,17:10:05,3,97,Cloudy
2012-10-14,17:15:05,3,97,Cloudy
2012-10-14,17:20:05,3,97,Cloudy
2012-10-14,17:25:05,3,97,Cloudy
2012-10-14,17:30:06,3,97,Cloudy
2012-10-14,17:35:06,3,97,Cloudy
2012-10-14,17:40:06,3,97,Cloudy
2012-10-14,17:45:06,2,98,Cloudy
2012-10-14,17:50:07,1,99,Cloudy
2012-10-14,17:55:07,1,99,Cloudy
2012-10-14,18:00:07,1,99,Cloudy
2012-10-14,18:05:07,0,100,Cloudy
2012-10-14,18:10:08,0,100,Cloudy
2012-10-14,18:15:08,0,100,Cloudy
2012-10-28,06:31:45,1,99,Cloudy
2012-10-28,06:36:45,1,99,Cloudy
2012-10-28,06:41:46,1,99,Cloudy
2012-10-28,06:46:46,1,99,Cloudy
2012-10-28,06:51:46,1,99,Cloudy
2012-10-28,06:56:46,1,99,Cloudy
2012-10-28,07:01:47,1,99,Cloudy
2012-10-28,07:06:47,1,99,Cloudy
2012-10-28,07:11:47,1,99,Cloudy
2012-10-28,07:16:47,1,99,Cloudy
2012-10-28,07:21:47,1,99,Cloudy
2012-10-28,07:26:48,1,99,Cloudy
2012-10-28,07:31:48,1,99,Cloudy
2012-10-28,07:36:48,1,99,Cloudy
2012-10-28,07:41:48,1,99,Cloudy
2012-10-28,07:46:48,1,99,Cloudy
2012-10-28,07:51:49,1,99,Cloudy
2012-10-28,07:56:49,1,99,Cloudy
2012-10-28,08:01:49,1,99,Cloudy
2012-10-28,08:06:49,1,99,Cloudy
2012-10-28,08:11:50,1,99,Cloudy
2012-10-28,08:16:50,1,99,Cloudy
2012-10-28,08:21:50,1,99,Cloudy
2012-10-28,08:26:51,1,99,Cloudy
2012-10-28,08:31:51,1,99,Cloudy
2012-10-28,08:36:51,1,99,Cloudy
2012-10-28,08:41:51,1,99,Cloudy
2012-10-28,08:46:51,1,99,Cloudy
2012-10-28,08:51:52,1,99,Cloudy
2012-10-28,08:56:52,1,99,Cloudy
2012-10-28,09:01:52,1,99,Cloudy
2012-10-28,09:06:52,1,99,Cloudy
2012-10-28,09:11:52,1,99,Cloudy
2012-10-28,09:16:53,1,99,Cloudy
2012-10-28,09:21:53,1,99,Cloudy
2012-10-28,09:26:53,1,99,Cloudy
2012-10-28,09:31:53,1,99,Cloudy
2012-10-28,09:36:54,1,99,Cloudy
2012-10-28,09:41:54,1,99,Cloudy
2012-10-28,09:46:54,1,99,Cloudy
2012-10-28,09:51:54,1,99,Cloudy
2012-10-28,09:56:55,1,99,Cloudy
2012-10-28,10:01:55,2,98,Cloudy
2012-10-28,10:06:55,2,98,Cloudy
2012-10-28,10:11:55,2,98,Cloudy
2012-10-28,10:16:56,2,98,Cloudy
2012-10-28,10:21:56,1,99,Cloudy
2012-10-28,10:26:56,1,99,Cloudy
2012-10-28,10:31:56,0,100,Cloudy
2012-10-28,10:36:57,0,100,Cloudy
2012-10-28,10:41:57,0,100,Cloudy
2012-10-28,10:46:57,0,100,Cloudy
2012-10-28,10:51:57,0,100,Cloudy
2012-10-28,10:56:58,0,100,Cloudy
2012-10-28,11:01:58,0,100,Cloudy
2012-10-28,11:06:58,0,100,Cloudy
2012-10-28,11:11:59,0,100,Cloudy
2012-10-28,11:16:59,0,100,Cloudy
2012-10-28,11:21:59,0,100,Cloudy
2012-10-28,11:26:59,0,100,Cloudy
2012-10-28,11:32:00,0,100,Cloudy
2012-10-28,11:37:00,0,100,Cloudy
2012-10-28,11:42:00,0,100,Cloudy
2012-10-28,11:47:01,0,100,Cloudy
2012-10-28,11:52:01,0,100,Cloudy
2012-10-28,11:57:01,0,100,Cloudy
2012-10-28,12:02:01,0,100,Cloudy
2012-10-28,12:07:02,0,100,Cloudy
2012-10-28,12:12:02,0,100,Cloudy
2012-10-28,12:17:02,0,100,Cloudy
2012-10-28,12:22:02,0,100,Cloudy
2012-10-28,12:27:03,0,100,Cloudy
2012-10-28,12:32:03,0,100,Cloudy
2012-10-28,12:37:03,0,100,Cloudy
2012-10-28,12:42:04,0,100,Cloudy
2012-10-28,12:47:04,0,100,Cloudy
2012-10-28,12:52:04,0,100,Cloudy
2012-10-28,12:57:04,0,100,Cloudy
2012-10-28,13:02:04,0,100,Cloudy
2012-10-28,13:07:05,0,100,Cloudy
2012-10-28,13:12:05,0,100,Cloudy
2012-10-28,13:17:05,0,100,Cloudy
2012-10-28,13:22:05,0,100,Cloudy
2012-10-28,13:27:06,0,100,Cloudy
2012-10-28,13:32:06,0,100,Cloudy
2012-10-28,13:37:06,0,100,Cloudy
2012-10-28,13:42:06,0,100,Cloudy
2012-10-28,13:47:07,0,100,Cloudy
2012-10-28,13:52:07,0,100,Cloudy
2012-10-28,13:57:07,0,100,Cloudy
2012-10-28,14:02:07,0,100,Cloudy
2012-10-28,14:07:08,0,100,Cloudy
2012-10-28,14:12:08,0,100,Cloudy
2012-10-28,14:17:08,0,100,Cloudy
2012-10-28,14:22:08,0,100,Cloudy
2012-10-28,14:27:09,0,100,Cloudy
2012-10-28,14:32:09,0,100,Cloudy
2012-10-28,14:37:09,0,100,Cloudy
2012-10-28,14:42:10,0,100,Cloudy
2012-10-28,14:47:10,0,100,Cloudy
2012-10-28,14:52:10,0,100,Cloudy
2012-10-28,14:57:10,0,100,Cloudy
2012-10-28,15:02:11,0,100,Cloudy
2012-10-28,15:07:11,0,100,Cloudy
2012-10-28,15:12:11,0,100,Cloudy
2012-10-28,15:17:11,0,100,Cloudy
2012-10-28,15:22:11,0,100,Cloudy
2012-10-28,15:27:12,0,100,Cloudy
2012-10-28,15:32:12,0,100,Cloudy
2012-10-28,15:37:12,0,100,Cloudy
2012-10-28,15:42:12,0,100,Cloudy
2012-10-28,15:47:12,0,100,Cloudy
2012-10-28,15:52:13,0,100,Cloudy
2012-10-28,15:57:13,0,100,Cloudy
2012-10-28,16:02:13,0,100,Cloudy
2012-10-28,16:07:13,0,100,Cloudy
2012-10-28,16:12:13,0,100,Cloudy
2012-10-28,16:17:14,0,100,Cloudy
2012-10-28,16:22:14,0,100,Cloudy
2012-10-28,16:27:14,0,100,Cloudy
2012-10-28,16:32:14,0,100,Cloudy
2012-10-28,16:37:15,0,100,Cloudy
2012-10-28,16:42:15,0,100,Cloudy
2012-10-28,16:47:15,0,100,Cloudy
2012-10-28,16:52:15,0,100,Cloudy
2012-10-28,16:57:15,0,100,Cloudy
2012-10-28,17:02:16,0,100,Cloudy
2012-10-28,17:07:16,0,100,Cloudy
2012-10-28,17:12:16,0,100,Cloudy
2012-10-28,17:17:16,0,100,Cloudy
2012-10-28,17:22:17,0,100,Cloudy
2012-10-28,17:27:17,0,100,Cloudy
2012-10-28,17:32:17,0,100,Cloudy
2012-10-28,17:37:17,0,100,Cloudy
2012-10-28,17:42:17,0,100,Cloudy
2012-10-28,17:47:18,0,100,Cloudy
2012-10-28,17:52:18,0,100,Cloudy
2012-10-28,17:57:18,0,100,Cloudy
2012-10-28,18:02:18,0,100,Cloudy
2012-10-28,18:07:18,0,100,Cloudy
2012-10-28,18:12:18,0,100,Cloudy
2012-10-28,18:17:19,0,100,Cloudy
2012-10-28,18:22:19,0,100,Cloudy
2012-10-28,18:27:19,0,100,Cloudy
2012-10-28,18:32:19,0,100,Cloudy
2012-10-28,18:37:20,0,100,Cloudy
2012-10-28,18:42:20,0,100,Cloudy
2012-10-28,18:47:20,0,100,Cloudy
2012-10-28,18:52:20,0,100,Cloudy
2012-10-28,18:57:20,0,100,Cloudy
2012-10-28,19:02:21,0,100,Cloudy
2012-10-28,19:07:21,0,100,Cloudy
2012-10-28,19:12:21,0,100,Cloudy
2012-10-28,19:17:22,0,100,Cloudy
2012-10-28,19:22:22,0,100,Cloudy
2012-10-28,19:27:22,0,100,Cloudy
2012-10-31,06:17:58,1,99,Cloudy
2012-10-31,06:22:58,1,99,Cloudy
2012-10-31,06:27:59,1,99,Cloudy
2012-10-31,06:32:59,1,99,Cloudy
2012-10-31,06:37:59,1,99,Cloudy
2012-10-31,06:43:00,2,98,Cloudy
2012-10-31,06:48:00,2,98,Cloudy
2012-10-31,06:53:00,4,96,Cloudy
2012-10-31,06:58:00,5,95,Cloudy
2012-10-31,07:03:00,7,93,Cloudy
2012-10-31,07:08:01,8,92,Cloudy
2012-10-31,07:13:01,9,91,Cloudy
2012-10-31,07:18:01,11,89,Cloudy
2012-10-31,07:23:01,12,88,Cloudy
2012-10-31,07:28:01,18,82,Cloudy
2012-10-31,07:33:02,34,66,Cloudy
2012-10-31,07:38:02,44,56,Cloudy
2012-10-31,07:43:02,56,44,Cloudy
2012-10-31,07:48:02,65,35,Cloudy
2012-10-31,07:53:03,74,26,Cloudy
2012-10-31,07:58:03,81,19,Cloudy
2012-10-31,08:03:03,89,11,Cloudy
2012-10-31,08:08:03,91,9,Cloudy
2012-10-31,08:13:04,92,8,Cloudy
2012-10-31,08:18:04,92,8,Cloudy
2012-10-31,08:23:04,92,8,Cloudy
2012-10-31,08:28:04,92,8,Cloudy
2012-10-31,08:33:05,92,8,Cloudy
2012-10-31,08:38:05,92,8,Cloudy
2012-10-31,08:43:05,93,7,Cloudy
2012-10-31,08:48:05,94,6,Cloudy
2012-10-31,08:53:05,95,5,Cloudy
2012-10-31,08:58:06,96,4,Cloudy
2012-10-31,09:03:06,93,7,Cloudy
2012-10-31,09:08:06,90,10,Cloudy
2012-10-31,09:13:06,91,9,Cloudy
2012-10-31,09:18:07,93,7,Cloudy
2012-10-31,09:23:07,91,9,Cloudy
2012-10-31,09:28:07,90,10,Cloudy
2012-10-31,09:33:08,89,11,Cloudy
2012-10-31,09:38:08,90,10,Cloudy
2012-10-31,09:43:08,86,14,Cloudy
2012-10-31,09:48:08,85,15,Cloudy
2012-10-31,09:53:09,84,16,Cloudy
2012-10-31,09:58:09,82,18,Cloudy
2012-10-31,10:03:09,81,19,Cloudy
2012-10-31,10:08:09,80,20,Cloudy
2012-10-31,10:13:09,78,22,Cloudy
2012-10-31,10:18:10,79,21,Cloudy
2012-10-31,10:23:10,77,23,Cloudy
2012-10-31,10:28:10,79,21,Cloudy
2012-10-31,10:33:10,80,20,Cloudy
2012-10-31,10:38:10,79,21,Cloudy
2012-10-31,10:43:11,81,19,Cloudy
2012-10-31,10:48:11,81,19,Cloudy
2012-10-31,10:53:11,81,19,Cloudy
2012-10-31,10:58:11,81,19,Cloudy
2012-10-31,11:03:11,78,22,Cloudy
2012-10-31,11:08:12,77,23,Cloudy
2012-10-31,11:13:12,75,25,Cloudy
2012-10-31,11:18:12,74,26,Cloudy
2012-10-31,11:23:12,70,30,Cloudy
2012-10-31,11:28:13,70,30,Cloudy
2012-10-31,11:33:13,70,30,Cloudy
2012-10-31,11:38:13,65,35,Cloudy
2012-10-31,11:43:13,65,35,Cloudy
2012-10-31,11:48:14,64,36,Cloudy
2012-10-31,11:53:14,60,40,Cloudy
2012-10-31,11:58:14,54,46,Cloudy
2012-10-31,12:03:14,52,48,Cloudy
2012-10-31,12:08:14,46,54,Cloudy
2012-10-31,12:13:14,44,56,Cloudy
2012-10-31,12:18:15,42,58,Cloudy
2012-10-31,12:23:15,37,63,Cloudy
2012-10-31,12:28:15,35,65,Cloudy
2012-10-31,12:33:15,34,66,Cloudy
2012-10-31,12:38:16,34,65,Cloudy
2012-10-31,12:43:16,35,65,Cloudy
2012-10-31,12:48:16,31,69,Cloudy
2012-10-31,12:53:16,32,68,Cloudy
2012-10-31,12:58:17,33,67,Cloudy
2012-10-31,13:03:17,34,66,Cloudy
2012-10-31,13:08:17,36,64,Cloudy
2012-10-31,13:13:17,37,63,Cloudy
2012-10-31,13:18:17,40,60,Cloudy
2012-10-31,13:23:18,43,57,Cloudy
2012-10-31,13:28:18,46,54,Cloudy
2012-10-31,13:33:18,45,55,Cloudy
2012-10-31,13:38:18,47,53,Cloudy
2012-10-31,13:43:18,47,53,Cloudy
2012-10-31,13:48:19,47,53,Cloudy
2012-10-31,13:53:19,47,53,Cloudy
2012-10-31,13:58:19,53,47,Cloudy
2012-10-31,14:03:19,54,46,Cloudy
2012-10-31,14:08:19,56,44,Cloudy
2012-10-31,14:13:20,57,43,Cloudy
2012-10-31,14:18:20,58,42,Cloudy
2012-10-31,14:23:20,60,40,Cloudy
2012-10-31,14:28:20,60,40,Cloudy
2012-10-31,14:33:21,61,39,Cloudy
2012-10-31,14:38:21,61,39,Cloudy
2012-10-31,14:43:21,62,38,Cloudy
2012-10-31,14:48:21,62,38,Cloudy
2012-10-31,14:53:21,62,38,Cloudy
2012-10-31,14:58:22,62,38,Cloudy
2012-10-31,15:03:22,63,37,Cloudy
2012-10-31,15:08:22,63,37,Cloudy
2012-10-31,15:13:22,63,37,Cloudy
2012-10-31,15:18:22,63,37,Cloudy
2012-10-31,15:23:23,62,38,Cloudy
2012-10-31,15:28:23,62,38,Cloudy
2012-10-31,15:33:23,62,38,Cloudy
2012-10-31,15:38:23,62,38,Cloudy
2012-10-31,15:43:24,63,37,Cloudy
2012-10-31,15:48:24,63,37,Cloudy
2012-10-31,15:53:24,62,38,Cloudy
2012-10-31,15:58:24,62,38,Cloudy
2012-10-31,16:03:25,63,37,Cloudy
2012-10-31,16:08:25,63,37,Cloudy
2012-10-31,16:13:25,61,39,Cloudy
2012-10-31,16:18:25,62,38,Cloudy
2012-10-31,16:23:25,61,39,Cloudy
2012-10-31,16:28:26,61,39,Cloudy
2012-10-31,16:33:26,63,37,Cloudy
2012-10-31,16:38:26,64,36,Cloudy
2012-10-31,16:43:26,66,34,Cloudy
2012-10-31,16:48:26,65,35,Cloudy
2012-10-31,16:53:27,64,36,Cloudy
2012-10-31,16:58:27,63,37,Cloudy
2012-10-31,17:03:27,61,39,Cloudy
2012-10-31,17:08:27,60,40,Cloudy
2012-10-31,17:13:27,60,40,Cloudy
2012-10-31,17:18:28,60,40,Cloudy
2012-10-31,17:23:28,58,42,Cloudy
2012-10-31,17:28:28,58,41,Cloudy
2012-11-08,06:15:24,1,99,Cloudy
2012-11-08,06:20:24,1,99,Cloudy
2012-11-08,06:25:24,1,99,Cloudy
2012-11-08,06:30:25,1,99,Cloudy
2012-11-08,06:35:25,1,99,Cloudy
2012-11-08,06:40:25,2,98,Cloudy
2012-11-08,06:45:25,5,95,Cloudy
2012-11-08,06:50:25,5,95,Cloudy
2012-11-08,06:55:26,5,95,Cloudy
2012-11-08,07:00:26,7,93,Cloudy
2012-11-08,07:05:26,8,92,Cloudy
2012-11-08,07:10:26,9,91,Cloudy
2012-11-08,07:15:27,10,90,Cloudy
2012-11-08,07:20:27,12,88,Cloudy
2012-11-08,07:25:27,18,82,Cloudy
2012-11-08,07:30:27,23,77,Cloudy
2012-11-08,07:35:28,31,69,Cloudy
2012-11-08,07:40:28,43,57,Cloudy
2012-11-08,07:45:28,52,48,Cloudy
2012-11-08,07:50:28,61,39,Cloudy
2012-11-08,07:55:29,78,22,Cloudy
2012-11-08,08:00:29,82,18,Cloudy
2012-11-08,08:05:29,88,12,Cloudy
2012-11-08,08:10:29,89,11,Cloudy
2012-11-08,08:15:29,89,11,Cloudy
2012-11-08,08:20:30,90,10,Cloudy
2012-11-08,08:25:30,90,10,Cloudy
2012-11-08,08:30:30,91,9,Cloudy
2012-11-08,08:35:30,91,9,Cloudy
2012-11-08,08:40:30,93,7,Cloudy
2012-11-08,08:45:31,93,7,Cloudy
2012-11-08,08:50:31,94,6,Cloudy
2012-11-08,08:55:31,95,5,Cloudy
2012-11-08,09:00:31,95,5,Cloudy
2012-11-08,09:05:32,94,5,Cloudy
2012-11-08,09:10:32,94,6,Cloudy
2012-11-08,09:15:32,95,5,Cloudy
2012-11-08,09:20:32,95,5,Cloudy
2012-11-08,09:25:33,95,5,Cloudy
2012-11-08,09:30:33,95,5,Cloudy
2012-11-08,09:35:33,95,5,Cloudy
2012-11-08,09:40:33,95,5,Cloudy
2012-11-08,09:45:34,95,5,Cloudy
2012-11-08,09:50:34,95,5,Cloudy
2012-11-08,09:55:34,95,5,Cloudy
2012-11-08,10:00:35,95,5,Cloudy
2012-11-08,10:05:35,96,4,Cloudy
2012-11-08,10:10:35,96,4,Cloudy
2012-11-08,10:15:35,95,5,Cloudy
2012-11-08,10:20:36,93,7,Cloudy
2012-11-08,10:25:36,93,7,Cloudy
2012-11-08,10:30:36,92,8,Cloudy
2012-11-08,10:35:36,92,8,Cloudy
2012-11-08,10:40:36,93,7,Cloudy
2012-11-08,10:45:37,91,9,Cloudy
2012-11-08,10:50:37,90,10,Cloudy
2012-11-08,10:55:37,89,11,Cloudy
2012-11-08,11:00:38,87,13,Cloudy
2012-11-08,11:05:38,88,12,Cloudy
2012-11-08,11:10:38,89,11,Cloudy
2012-11-08,11:15:38,88,12,Cloudy
2012-11-08,11:20:39,86,14,Cloudy
2012-11-08,11:25:39,84,16,Cloudy
2012-11-08,11:30:39,81,19,Cloudy
2012-11-08,11:35:39,78,21,Cloudy
2012-11-08,11:40:40,76,24,Cloudy
2012-11-08,11:45:40,74,26,Cloudy
2012-11-08,11:50:40,69,29,Cloudy
2012-11-08,11:55:40,67,33,Cloudy
2012-11-08,12:00:40,66,34,Cloudy
2012-11-08,12:05:41,63,37,Cloudy
2012-11-08,12:10:41,56,44,Cloudy
2012-11-08,12:15:41,54,46,Cloudy
2012-11-08,12:20:41,49,51,Cloudy
2012-11-08,12:25:41,48,52,Cloudy
2012-11-08,12:30:42,45,55,Cloudy
2012-11-08,12:35:42,46,54,Cloudy
2012-11-08,12:40:42,47,53,Cloudy
2012-11-08,12:45:42,44,56,Cloudy
2012-11-08,12:50:43,44,56,Cloudy
2012-11-08,12:55:43,42,58,Cloudy
2012-11-08,13:00:43,42,58,Cloudy
2012-11-08,13:05:43,41,59,Cloudy
2012-11-08,13:10:44,42,58,Cloudy
2012-11-08,13:15:44,43,57,Cloudy
2012-11-08,13:20:44,44,56,Cloudy
2012-11-08,13:25:44,44,56,Cloudy
2012-11-08,13:30:45,46,54,Cloudy
2012-11-08,13:35:45,47,53,Cloudy
2012-11-08,13:40:45,50,50,Cloudy
2012-11-08,13:45:45,55,45,Cloudy
2012-11-08,13:50:46,57,43,Cloudy
2012-11-08,13:55:46,59,41,Cloudy
2012-11-08,14:00:46,60,40,Cloudy
2012-11-08,14:05:46,63,37,Cloudy
2012-11-08,14:10:46,66,34,Cloudy
2012-11-08,14:15:47,67,33,Cloudy
2012-11-08,14:20:47,70,30,Cloudy
2012-11-08,14:25:47,70,30,Cloudy
2012-11-08,14:30:47,73,27,Cloudy
2012-11-08,14:35:47,76,24,Cloudy
2012-11-08,14:40:47,75,25,Cloudy
2012-11-08,14:45:48,78,22,Cloudy
2012-11-08,14:50:48,80,20,Cloudy
2012-11-08,14:55:48,80,20,Cloudy
2012-11-08,15:00:49,79,21,Cloudy
2012-11-08,15:05:49,79,21,Cloudy
2012-11-08,15:10:49,78,22,Cloudy
2012-11-08,15:15:49,77,23,Cloudy
2012-11-08,15:20:50,77,23,Cloudy
2012-11-08,15:25:50,78,22,Cloudy
2012-11-08,15:30:50,78,22,Cloudy
2012-11-08,15:35:50,79,21,Cloudy
2012-11-08,15:40:51,80,20,Cloudy
2012-11-08,15:45:51,80,20,Cloudy
2012-11-08,15:50:51,79,21,Cloudy
2012-11-08,15:55:51,81,19,Cloudy
2012-11-08,16:00:52,81,19,Cloudy
2012-11-08,16:05:52,81,19,Cloudy
2012-11-08,16:10:52,81,19,Cloudy
2012-11-08,16:15:52,80,20,Cloudy
2012-11-08,16:20:52,80,19,Cloudy
2012-11-08,16:25:53,82,18,Cloudy
2012-11-08,16:30:53,82,18,Cloudy
2012-11-08,16:35:53,83,17,Cloudy
2012-11-08,16:40:53,83,17,Cloudy
2012-11-08,16:45:54,84,16,Cloudy
2012-11-08,16:50:54,83,17,Cloudy
2012-11-08,16:55:54,84,16,Cloudy
2012-11-08,17:00:54,84,16,Cloudy
2012-11-08,17:05:55,83,17,Cloudy
2012-11-08,17:10:55,82,18,Cloudy
2012-11-08,17:15:55,81,19,Cloudy
2012-11-08,17:20:55,79,21,Cloudy
2012-11-08,17:25:55,74,26,Cloudy
2012-11-08,17:30:56,74,26,Cloudy
2012-11-08,17:35:56,74,26,Cloudy
2012-11-08,17:40:56,71,29,Cloudy
2012-11-08,17:45:56,68,32,Cloudy
2012-11-08,17:50:56,67,33,Cloudy
2012-11-08,17:55:57,70,30,Cloudy
2012-11-08,18:00:57,68,32,Cloudy
2012-11-08,18:05:57,67,33,Cloudy
2012-11-08,18:10:58,67,33,Cloudy
2012-11-08,18:15:58,68,32,Cloudy
2012-11-08,18:20:58,67,33,Cloudy
2012-11-08,18:25:58,74,26,Cloudy
2012-11-08,18:30:59,81,17,Cloudy
2012-11-08,18:35:59,91,9,Cloudy
2012-11-08,18:40:59,95,5,Cloudy
2012-11-08,18:45:59,100,0,Cloudy
2012-11-08,18:51:00,100,0,Cloudy
2012-11-08,18:56:00,100,0,Cloudy
2012-11-08,19:01:00,100,0,Cloudy
2012-11-08,19:06:01,100,0,Cloudy
2012-11-08,19:11:01,100,0,Cloudy
2012-11-08,19:16:01,100,0,Cloudy
2012-11-08,19:21:01,100,0,Cloudy
2012-11-08,19:26:01,99,1,Cloudy
2012-11-08,19:31:02,99,1,Cloudy
2012-11-08,19:36:02,100,0,Cloudy
2012-11-08,19:41:02,97,3,Cloudy
2012-11-11,06:23:46,0,100,Cloudy
2012-11-11,06:28:46,0,100,Cloudy
2012-11-11,06:33:46,0,100,Cloudy
2012-11-11,06:38:46,0,100,Cloudy
2012-11-11,06:43:47,0,100,Cloudy
2012-11-11,06:48:47,0,100,Cloudy
2012-11-11,06:53:47,0,100,Cloudy
2012-11-11,06:58:47,0,100,Cloudy
2012-11-11,07:03:48,0,100,Cloudy
2012-11-11,07:08:48,0,100,Cloudy
2012-11-11,07:13:48,0,100,Cloudy
2012-11-11,07:18:48,0,100,Cloudy
2012-11-11,07:23:48,0,100,Cloudy
2012-11-11,07:28:49,0,100,Cloudy
2012-11-11,07:33:49,0,100,Cloudy
2012-11-11,07:38:49,0,100,Cloudy
2012-11-11,07:43:49,0,100,Cloudy
2012-11-11,07:48:50,0,100,Cloudy
2012-11-11,07:53:50,0,100,Cloudy
2012-11-11,07:58:50,0,100,Cloudy
2012-11-11,08:03:50,0,100,Cloudy
2012-11-11,08:08:51,0,100,Cloudy
2012-11-11,08:13:51,0,100,Cloudy
2012-11-11,08:18:51,0,100,Cloudy
2012-11-11,08:23:51,0,100,Cloudy
2012-11-11,08:28:51,0,100,Cloudy
2012-11-11,08:33:52,0,100,Cloudy
2012-11-11,08:38:52,0,100,Cloudy
2012-11-11,08:43:52,0,100,Cloudy
2012-11-11,08:48:52,0,100,Cloudy
2012-11-11,08:53:53,0,100,Cloudy
2012-11-11,08:58:53,0,100,Cloudy
2012-11-11,09:03:53,0,100,Cloudy
2012-11-11,09:08:53,0,100,Cloudy
2012-11-11,09:13:53,0,100,Cloudy
2012-11-11,09:18:54,0,100,Cloudy
2012-11-11,09:23:54,0,100,Cloudy
2012-11-11,09:28:54,0,100,Cloudy
2012-11-11,09:33:54,0,100,Cloudy
2012-11-11,09:38:54,0,100,Cloudy
2012-11-11,09:43:55,0,100,Cloudy
2012-11-11,09:48:55,0,100,Cloudy
2012-11-11,09:53:55,0,100,Cloudy
2012-11-11,09:58:56,0,100,Cloudy
2012-11-11,10:03:56,0,100,Cloudy
2012-11-11,10:08:56,0,100,Cloudy
2012-11-11,10:13:56,0,100,Cloudy
2012-11-11,10:18:56,0,100,Cloudy
2012-11-11,10:23:57,0,100,Cloudy
2012-11-11,10:28:57,0,100,Cloudy
2012-11-11,10:33:57,0,100,Cloudy
2012-11-11,10:38:57,0,100,Cloudy
2012-11-11,10:43:57,0,100,Cloudy
2012-11-11,10:48:58,0,100,Cloudy
2012-11-11,10:53:58,0,100,Cloudy
2012-11-11,10:58:58,0,100,Cloudy
2012-11-11,11:03:58,0,100,Cloudy
2012-11-11,11:08:59,0,100,Cloudy
2012-11-11,11:13:59,0,100,Cloudy
2012-11-11,11:18:59,0,100,Cloudy
2012-11-11,11:23:59,0,100,Cloudy
2012-11-11,11:28:59,0,100,Cloudy
2012-11-11,11:33:59,0,100,Cloudy
2012-11-11,11:39:00,0,100,Cloudy
2012-11-11,11:44:00,0,100,Cloudy
2012-11-11,11:49:00,0,100,Cloudy
2012-11-11,11:54:00,0,100,Cloudy
2012-11-11,11:59:01,0,100,Cloudy
2012-11-11,12:04:01,0,100,Cloudy
2012-11-11,12:09:01,1,99,Cloudy
2012-11-11,12:14:01,1,99,Cloudy
2012-11-11,12:19:01,1,99,Cloudy
2012-11-11,12:24:02,1,99,Cloudy
2012-11-11,12:29:02,2,98,Cloudy
2012-11-11,12:34:02,2,98,Cloudy
2012-11-11,12:39:02,2,98,Cloudy
2012-11-11,12:44:02,2,98,Cloudy
2012-11-11,12:49:03,3,97,Cloudy
2012-11-11,12:54:03,4,96,Cloudy
